shg temperature setpoint [C],shg temperature [C],power [mW]
70.0,0.8698514922105618
71.0,0.3756140677418689
72.0,0.29373126638349367
73.0,0.2807214320662633
74.0,0.12320401788085023
75.0,0.2990756809519085
76.0,0.9997010925718604
77.0,0.15164902418679738
78.0,0.4807771932592232
79.0,0.44616526321505856
80.0,0.9533638661707662
