shg temperature setpoint [C],shg temperature [C],power [mW]
70.0,0.5761435131661554
71.0,0.3153585788906489
72.0,0.2130392658690884
73.0,0.03705816821510455
74.0,0.4149310790442744
75.0,0.6674456990313015
76.0,0.6652590698794176
77.0,0.5753142914233444
78.0,0.9195581971893005
79.0,0.6932826653998407
80.0,0.7929159944764724
