shg temperature setpoint [C],shg temperature [C],power [mW]
70.0,0.2876598212595918
71.0,0.8774072941727106
72.0,0.8940223663332367
73.0,0.5606146232367654
74.0,0.28774091992438666
75.0,0.33257946358494894
76.0,0.8119118575367621
77.0,0.763637727519289
78.0,0.47115097838157594
79.0,0.4147527802089701
80.0,0.07576802798386151
