shg temperature setpoint [C],shg temperature [C],power [mW]
70.0,0.41409743137823507
71.0,0.06901144086836808
72.0,0.38775555148161645
73.0,0.8945923184182522
74.0,0.09667621449498032
75.0,0.827241636652042
76.0,0.023497692067249387
77.0,0.47498855765577275
78.0,0.1853742482735663
79.0,0.9632080054941281
80.0,0.3958137957366493
